urn,district_code,district_name,school_name,website,town,postcode,region,has_email_collected
137531,309,Haringey,Alexandra Park School,www.alexandrapark.school,London,N11 2AZ,London,no
130358,309,Haringey,Alexandra Primary School,https://www.alexandraprimaryschool.co.uk/,London,N22 6UH,London,no
102079,309,Haringey,Belmont Infant School,https://belmontinfants.org,London,N22 6RA,London,no
102175,309,Haringey,Blanche Nevile School,https://www.blanchenevile.org.uk,London,N10 1NJ,London,no
102081,309,Haringey,Bounds Green Infant School,https://www.boundsgreenschool.co.uk,London,N11 2QG,London,no
102080,309,Haringey,Bounds Green Junior School,https://www.boundsgreenschool.co.uk,London,N11 2QG,London,no
141209,309,Haringey,Brook House Primary School,www.brookhouseprimary.net,London,N17 8EY,London,no
131731,309,Haringey,Bruce Grove Primary School,www.brucegroveprimary.com,London,N17 6UH,London,no
102121,309,Haringey,Coleridge Primary School,https://www.coleridgeprimary.net/,London,N8 8DN,London,no
144900,309,Haringey,Duke's Aldridge,www.dukesacademy.org.uk,London,N17 0PG,London,no
131478,309,Haringey,Earlham Primary School,www.earlhamprimary.com,London,N22 5HJ,London,no
136808,309,Haringey,Eden Primary,www.edenprimary.org.uk/,London,N10 1NR,London,no
102156,309,Haringey,Fortismere School,https://www.fortismere.haringey.sch.uk,London,N10 1NE,London,no
102157,309,Haringey,Gladesmore Community School,http://www.gladesmore.com/,London,N15 6EB,London,no
133386,309,Haringey,Greig City Academy,www.greigcityacademy.co.uk,London,N8 7NU,London,no
131584,309,Haringey,Haringey Learning Partnership,https://www.haringeylearningpartnership.org,London,N22 8DZ,London,no
139363,309,Haringey,Haringey Sixth Form College,https://www.haringey6.ac.uk,London,N17 8HR,London,no
140935,309,Haringey,Harris Academy Tottenham,www.harristottenham.org.uk,London,N17 9LN,London,no
138446,309,Haringey,Harris Primary Academy Coleraine Park,www.harrisprimarycolerainepark.org.uk,London,N17 9XT,London,no
138447,309,Haringey,Harris Primary Academy Philip Lane,www.harrisprimaryphiliplane.org.uk,London,N15 4AB,London,no
139616,309,Haringey,Heartlands High School,http://heartlands.haringey.sch.uk/,London,N22 7ST,London,no
102154,309,Haringey,Highgate Wood Secondary School,http://www.hws.haringey.sch.uk/,London,N8 8RN,London,no
139240,309,Haringey,Holy Trinity CofE Primary School,www.holytrinityn17.ldbsact.org,London,N17 9EJ,London,no
102153,309,Haringey,Hornsey School for Girls,http://www.hsg.haringey.sch.uk/,London,N8 9JF,London,no
144753,309,Haringey,London Academy of Excellence Tottenham,www.laetottenham.ac.uk,London,N17 0BX,London,no
137745,309,Haringey,Mulberry Academy Woodside,www.mulberrywoodside.org,London,N22 5QJ,London,no
131871,309,Haringey,Muswell Hill Primary School,www.muswellhillprimary.co.uk/,London,N10 3ST,London,no
138588,309,Haringey,Noel Park Primary School,https://sites.google.com/aetinet.org/noel-park-primary-school,London,N22 6LH,London,no
131757,309,Haringey,Park View School,www.parkview.haringey.sch.uk,London,N15 3QR,London,no
102071,309,Haringey,Pembury House Nursery School,https://www.pemburyhouse.haringey.sch.uk/,London,N17 9XE,London,no
102128,309,Haringey,Rhodes Avenue Primary School,www.rhodes.haringey.sch.uk,London,N22 7UT,London,no
131879,309,Haringey,Risley Avenue Primary School,www.risleyavenueprimary.org.uk,London,N17 7AB,London,no
102178,309,Haringey,Riverside School,https://www.riverside.haringey.sch.uk,London,N22 5QJ,London,no
102107,309,Haringey,Rokesly Infant & Nursery School,https://www.rokesly-inf.haringey.sch.uk,London,N8 8NH,London,no
102106,309,Haringey,Rokesly Junior School,https://www.rokesly-jun.haringey.sch.uk/,London,N8 8NH,London,no
132253,309,Haringey,South Grove Primary School,www.sevensistersprimary.co.uk/,London,N15 5QE,London,no
102111,309,Haringey,South Harringay Infant School,https://www.southharringayschools.co.uk,London,N4 1BA,London,no
102110,309,Haringey,South Harringay Junior School,https://www.southharringayschools.co.uk/,London,N4 1BA,London,no
139169,309,Haringey,St Ann's CE Primary School,www.stannsn15.ldbsact.org,London,N15 5JG,London,no
102151,309,Haringey,St Gildas' Catholic Junior School,www.stpetersandstgildas.co.uk,London,N8 9EP,London,no
102144,309,Haringey,St Ignatius RC Primary School,https://www.stignatiuscatholicprimary.co.uk/,London,N15 6ND,London,no
102152,309,Haringey,St John Vianney RC Primary School,https://www.st-johnvianney.haringey.sch.uk,London,N15 3HD,London,no
102147,309,Haringey,St Mary's Priory RC Infant School,https://www.stmaryspriory.co.uk/,London,N15 5RE,London,no
102145,309,Haringey,St Mary's Priory RC Junior School,www.stmarysrcpriory.haringey.sch.uk/,LONDON,N15 5RE,London,no
139175,309,Haringey,St Michael's CofE Primary School,www.stmichaelsn22.ldbsact.org,London,N22 8HE,London,no
139176,309,Haringey,St Paul's and All Hallows CofE Infant School,http://www.spah.org.uk/,London,N17 0HH,London,no
139177,309,Haringey,St Paul's and All Hallows CofE Junior School,www.spah.org.uk/,London,N17 0TU,London,no
139362,309,Haringey,St Thomas More Catholic School,www.stthomasmoreschool.org.uk,London,N22 5HN,London,no
131096,309,Haringey,Stroud Green Primary School,www.stroudgreenprimary.com,London,N4 3EX,London,no
102177,309,Haringey,The Brook Special Primary School,https://www.thebrook.haringey.sch.uk,London,N17 6HW,London,no
145917,309,Haringey,The Grove,www.thegroveschool.co.uk,London,N17 6AR,London,no
133707,309,Haringey,The Mulberry Primary School,www.themulberryprimaryschool.co.uk/,London,N17 9RB,London,no
102120,309,Haringey,Tiverton Primary School,www.tivertonprimary.co.uk,London,N15 6SP,London,no
138589,309,Haringey,Trinity Primary Academy,www.trinityprimaryacademy.org,London,N22 8ES,London,no
102176,309,Haringey,Vale School,https://www.vale.haringey.sch.uk,London,N17 0PG,London,no
102124,309,Haringey,Welbourne Primary School,https://www.welbourne.haringey.sch.uk/,London,N15 4EA,London,no
102130,309,Haringey,Weston Park Primary School,https://www.westonparkprimary.org.uk/,London,N8 9WP,London,no
102078,309,Haringey,Belmont Junior School,https://www.belmontjunior.org,London,N22 6RA,London,yes
102085,309,Haringey,Campsbourne Infant School,https://www.campsbourne.haringey.sch.uk,London,N8 7AF,London,yes
102084,309,Haringey,Campsbourne Junior School,https://www.campsbourne.haringey.sch.uk,London,N8 7AF,London,yes
134680,309,Haringey,Chestnuts Primary School,www.chestnutsprimary.com,London,N15 3AS,London,yes
102097,309,Haringey,Coldfall Primary School,https://www.coldfall.haringey.sch.uk/,London,N10 1HS,London,yes
102129,309,Haringey,Crowland Primary School,https://www.crowland.haringey.sch.uk,London,N15 6UX,London,yes
102091,309,Haringey,Earlsmead Primary School,https://www.earlsmead.haringey.sch.uk,London,N15 4PW,London,yes
102127,309,Haringey,Ferry Lane Primary School,https://www.ferrylaneschool.co.uk/,London,N17 9PP,London,yes
102092,309,Haringey,Highgate Primary School,https://www.highgateprimaryschool.co.uk/,London,N6 4ED,London,yes
102094,309,Haringey,Lancasterian Primary School,http://www.lancasterianprimary.co.uk/,London,N17 8NN,London,yes
102125,309,Haringey,Lea Valley Primary School,https://www.leavalleyprimary.org/,London,N17 0PT,London,yes
131595,309,Haringey,Lordship Lane Primary School,http://www.lordshiplaneprimary.co.uk,Wood Green,N22 5PS,London,yes
134681,309,Haringey,North Harringay Primary School,www.northharringayprimaryschool.org.uk/,London,N8 0NU,London,yes
102142,309,Haringey,Our Lady of Muswell Catholic Primary School,https://www.ourladymuswell.haringey.sch.uk,London,N10 1PS,London,yes
102072,309,Haringey,Rowland Hill Nursery School,http://www.rowlandhill.haringey.sch.uk/#,London,N17 7LT,London,yes
102132,309,Haringey,St Aidan's Voluntary Controlled Primary School,http://www.staidansprimaryschool.org.uk/,London,N4 4RR,London,yes
102149,309,Haringey,St Francis de Sales RC Infant School,https://www.sfds.haringey.sch.uk/,London,N17 8AZ,London,yes
102143,309,Haringey,St Francis de Sales RC Junior School,https://www.sfds.haringey.sch.uk,London,N17 8AZ,London,yes
102136,309,Haringey,St James Church of England Primary School,https://www.stjamesprimaryschool.co.uk,London,N10 3JA,London,yes
102150,309,Haringey,St Martin of Porres Catholic Primary School,https://www.stmartinofporres.co.uk,London,N11 2AF,London,yes
102139,309,Haringey,St Mary's CofE Primary School,https://www.stmarysn8.co.uk,London,N8 7BU,London,yes
102135,309,Haringey,St Michael's CofE Voluntary Aided Primary School,https://www.stmichaelsn6.com,London,N6 4BG,London,yes
102146,309,Haringey,St Paul's Catholic Primary School,https://www.stpaulswoodgreen.org.uk/,London,N22 7SZ,London,yes
102148,309,Haringey,St Peter-in-Chains RC Infant School,http://stpetersandstgildas.co.uk,London,N8 9EP,London,yes
102098,309,Haringey,Tetherdown Primary School,https://www.tetherdownschool.org,London,N10 3BP,London,yes
102087,309,Haringey,The Devonshire Hill Nursery & Primary School,www.devonshirehill.com,London,N17 8LB,London,yes
102131,309,Haringey,The Willow Primary School,https://www.thewillow.haringey.sch.uk/,London,N17 6HW,London,yes
102115,309,Haringey,West Green Primary School,https://www.westgreen.haringey.sch.uk,London,N15 3RT,London,yes
102073,309,Haringey,Woodlands Park Nursery School and Childrens Centre,https://www.woodlandspark-nur.haringey.sch.uk,London,N15 3SD,London,yes
