urn,district_code,district_name,school_name,website,town,postcode,region,has_email_collected
140839,908,Cornwall,Altarnun Primary School,www.altarnunprimary.org.uk/,Launceston,PL15 7RZ,South West,no
142240,908,Cornwall,Alverton Primary School,http://www.alverton.org.uk/,Penzance,TR18 4QD,South West,no
141622,908,Cornwall,Antony Church of England School,http://www.antony.cornwall.sch.uk,Torpoint,PL11 3AD,South West,no
137258,908,Cornwall,Archbishop Benson CofE Primary School,http://www.archbishop-benson.cornwall.sch.uk/,Truro,TR1 1BN,South West,no
142958,908,Cornwall,Beacon Academy,www.beacon.kernowlearning.co.uk,Bodmin,PL31 1JQ,South West,no
145757,908,Cornwall,Berrycoombe School,www.berrycoombe.createprimary.co.uk/,Bodmin,PL31 2PH,South West,no
137758,908,Cornwall,Biscovey Academy,www.biscovey.org.uk,Par,PL24 2DB,South West,no
143176,908,Cornwall,Biscovey Nursery and Infants' Academy,http://www.biscoveyinfants.org.uk,Par,PL24 2DB,South West,no
140465,908,Cornwall,Bishop Bronescombe CofE School,www.bishopbronescombe.co.uk,St Austell,PL25 3DT,South West,no
142305,908,Cornwall,Blackwater Community Primary School,http://www.blackwater.cornwall.sch.uk/,Truro,TR4 8ES,South West,no
145519,908,Cornwall,Blisland Primary Academy,www.blislandprimary.co.uk,Bodmin,PL30 4JX,South West,no
136383,908,Cornwall,Bodmin College,http://www.bodmincollege.co.uk,Bodmin,PL31 1DD,South West,no
136523,908,Cornwall,Bodriggy Academy,www.bodriggyacademy.info/,Hayle,TR27 4DR,South West,no
111929,908,Cornwall,Boscastle Community Primary School,https://boscastle.cornwall.sch.uk/,Boscastle,PL35 0AU,South West,no
111826,908,Cornwall,Boskenwyn Community Primary School,http://www.boskenwyn.cornwall.sch.uk,Helston,TR13 0NG,South West,no
111875,908,Cornwall,Bosvigo School,www.bosvigo.cornwall.sch.uk/,Truro,TR1 3BJ,South West,no
140576,908,Cornwall,Boyton Community Primary School,http://www.boyton.cornwall.sch.uk/,Launceston,PL15 9RJ,South West,no
140232,908,Cornwall,Braddock CofE Primary School,www.braddock.cornwall.sch.uk/,Liskeard,PL14 4TB,South West,no
145108,908,Cornwall,Brannel School,www.brannel.com,St Austell,PL26 7RN,South West,no
143967,908,Cornwall,Breage CofE Primary School,https://www.breageschool.org/web,Helston,TR13 9PZ,South West,no
136957,908,Cornwall,Brunel Primary & Nursery Academy,www.brunelprimary.co.uk,Saltash,PL12 6DX,South West,no
146076,908,Cornwall,Bude Primary Academy - Infants,http://www.budeprimary.org,Bude,EX23 8EA,South West,no
146077,908,Cornwall,Bude Primary Academy - Juniors,https://www.budejuniors.org.uk,Bude,EX23 8DR,South West,no
143165,908,Cornwall,Bugle School,www.bugleschool.org.uk,St Austell,PL26 8PD,South West,no
143649,908,Cornwall,Callington Community College,www.callingtoncc.net,Callington,PL17 7DR,South West,no
140577,908,Cornwall,Callington Primary School,www.callington-ji.cornwall.sch.uk/,CALLINGTON,PL17 7EF,South West,no
144740,908,Cornwall,Callywith College,www.callywith.ac.uk,Bodmin,PL31 2GT,South West,no
111951,908,Cornwall,Calstock Community Primary School,http://www.calstock.cornwall.sch.uk/,Calstock,PL18 9QL,South West,no
111789,908,Cornwall,Camborne Nursery School,,Camborne,TR14 7DT,South West,no
136524,908,Cornwall,Camborne Science and International Academy,http://www.cambornescience.co.uk/,Camborne,TR14 7PP,South West,no
146388,908,Cornwall,Camelford Community Primary School,www.camelford.cornwall.sch.uk/,Camelford,PL32 9UE,South West,no
146325,908,Cornwall,Cape Cornwall School,www.cape.cornwall.sch.uk,Penzance,TR19 7JX,South West,no
139740,908,Cornwall,Caradon Alternative Provision Academy,,Liskeard,PL14 6BS,South West,no
145754,908,Cornwall,Cardinham School,www.cardinhamschool.co.uk,Bodmin,PL30 4BN,South West,no
142789,908,Cornwall,Chacewater Community Primary School,www.chacewater.cornwall.sch.uk/,Truro,TR4 8PZ,South West,no
136760,908,Cornwall,Charlestown Primary School,www.charlestown.kernowlearning.co.uk,St Austell,PL25 3PB,South West,no
145758,908,Cornwall,Coads Green Primary School,www.coads-green.cornwall.sch.uk,Launceston,PL15 7LY,South West,no
139741,908,Cornwall,Community & Hospital Education Service Ap Academy,www.wavemat.org,Truro,TR1 3AS,South West,no
142144,908,Cornwall,Connor Downs Academy,http://www.connordowns.org.uk,Hayle,TR27 5DH,South West,no
143168,908,Cornwall,Constantine Primary School,www.constantine.kernowlearning.co.uk,Falmouth,TR11 5AG,South West,no
142038,908,Cornwall,Copper Valley Infant and Nursery Academy,www.coppervalleyinfantandnurseryacademy.co.uk,Gunnislake,PL18 9EN,South West,no
142496,908,Cornwall,Copper Valley Junior Academy,www.coppervalleyjunioracademy.co.uk,Gunnislake,PL18 9NA,South West,no
140630,908,Cornwall,Coverack Primary School,https://www.coverackschool.org,Helston,TR12 6SA,South West,no
149434,908,Cornwall,Crowan Primary School,https://www.crowanschool.org,Camborne,TR14 0LG,South West,no
150489,908,Cornwall,Cubert School,www.cubert.cornwall.sch.uk,Newquay,TR8 5HE,South West,no
143166,908,Cornwall,Curnow School,www.curnowschool.org.uk,Redruth,TR15 1LU,South West,no
145077,908,Cornwall,Cusgarne Primary School,http://www.cusgarne.org,Truro,TR4 8RW,South West,no
142956,908,Cornwall,Darite Primary Academy,www.dariteprimary.co.uk,Liskeard,PL14 5JH,South West,no
141322,908,Cornwall,Delabole Primary School,www.delaboleschool.org,Delabole,PL33 9AL,South West,no
111872,908,Cornwall,Devoran School,www.devoran.cornwall.sch.uk/,Truro,TR3 6PA,South West,no
144290,908,Cornwall,Dobwalls Community Primary School,http://www.dobwalls.cornwall.sch.uk,Liskeard,PL14 4LU,South West,no
143173,908,Cornwall,Doubletrees School,http://www.doubletrees.org.uk,Par,PL24 2DS,South West,no
144570,908,Cornwall,Duloe CofE VA Primary Academy,www.duloeprimary.co.uk,Liskeard,PL14 4PW,South West,no
144895,908,Cornwall,Egloskerry Primary School,www.egloskerryprimary.uk,Launceston,PL15 8RT,South West,no
140328,908,Cornwall,Falmouth Primary Academy,www.falmouth.kernowlearning.co.uk,Falmouth,TR11 2BB,South West,no
137223,908,Cornwall,Falmouth School,http://www.falmouthschool.net,Falmouth,TR11 4LH,South West,no
111960,908,Cornwall,Fourlanesend Community Primary School,http://www.fourlanesendprimary.co.uk,Torpoint,PL10 1LR,South West,no
142239,908,Cornwall,Fowey Primary School,http://www.fowey-ji.cornwall.sch.uk,Fowey,PL23 1HH,South West,no
140836,908,Cornwall,Fowey River Academy,www.fracademy.org,Fowey,PL23 1HE,South West,no
140332,908,Cornwall,Foxhole Learning Academy,www.foxhole.kernowlearning.co.uk,St. Austell,PL26 7XD,South West,no
143975,908,Cornwall,Garras Community Primary School,https://garras.croftymat.org,Helston,TR12 6AY,South West,no
111813,908,Cornwall,Germoe Community Primary School,www.germoe.cornwall.sch.uk,Penzance,TR20 9QY,South West,no
142662,908,Cornwall,Gerrans School,http://www.gerrans.cornwall.sch.uk/,Truro,TR2 5ED,South West,no
143977,908,Cornwall,Godolphin Primary School,https://godolphin.croftymat.org/,Helston,TR13 9RB,South West,no
151269,908,Cornwall,Goonhavern Primary School,http://www.goonhavern.cornwall.sch.uk/,Truro,TR4 9QD,South West,no
111882,908,Cornwall,Gorran School,www.gorranschool.co.uk/,St Austell,PL26 6LH,South West,no
140632,908,Cornwall,Grade-Ruan CofE Primary School,www.graderuan.org,Helston,TR12 7JN,South West,no
140466,908,Cornwall,Grampound Road Village CofE School,www.grampoundroadschool.co.uk/,Truro,TR2 4DY,South West,no
149532,908,Cornwall,Grampound-With-Creed CofE Primary School,,Truro,TR2 4SB,South West,no
140837,908,Cornwall,Gulval School,gulvalschool.org.uk,Penzance,TR18 3BJ,South West,no
111846,908,Cornwall,Gwinear Community Primary School,www.gwinear.cornwall.sch.uk/,Hayle,TR27 5LA,South West,no
143980,908,Cornwall,Halwin School,https://halwin.croftymat.org,Helston,TR13 0EG,South West,no
137517,908,Cornwall,Harrowbarrow Primary Academy,www.harrowbarrow.cornwall.sch.uk/,Callington,PL17 8BQ,South West,no
145211,908,Cornwall,Hayle Academy,http://www.hayleacademy.net/,Hayle,TR27 4DN,South West,no
111794,908,Cornwall,Heamoor Community Primary School,www.heamoorschool.co.uk,Penzance,TR18 3JZ,South West,no
143981,908,Cornwall,Helston Community College,http://www.helston.cornwall.sch.uk,Helston,TR13 8NR,South West,no
112067,908,Cornwall,Humphry Davy School,http://www.humphry-davy.cornwall.sch.uk,Penzance,TR18 2TG,South West,no
143448,908,Cornwall,Illogan School,https://illogan.croftymat.org/,Redruth,TR16 4SW,South West,no
145965,908,Cornwall,Indian Queens Primary School,www.indianqueensschool.org,St Columb,TR9 6QZ,South West,no
149326,908,Cornwall,Jacobstow Community Academy,www.jacobstow-lap.co.uk,Bude,EX23 0BR,South West,no
111861,908,Cornwall,Kea Community Primary School,www.keaschool.org.uk/,Truro,TR3 6AY,South West,no
142549,908,Cornwall,Kehelland Village School,www.kehellandschool.co.uk,Camborne,TR14 0DA,South West,no
143873,908,Cornwall,Kennall Vale School,http://www.kennall-vale.cornwall.sch.uk,Truro,TR3 7HY,South West,no
111930,908,Cornwall,Kilkhampton Junior and Infant School,http://www.kilkhampton.cornwall.sch.uk,Bude,EX23 9QU,South West,no
144061,908,Cornwall,King Charles Church of England Primary School,http://www.kingcharles.kernowlearning.co.uk,Falmouth,TR11 4EP,South West,no
140468,908,Cornwall,Ladock C of E School,www.ladock.cornwall.sch.uk/,Truro,TR2 4PL,South West,no
149633,908,Cornwall,Landewednack Community Primary School,www.landewednack.cornwall.sch.uk,Helston,TR12 7PB,South West,no
140512,908,Cornwall,Landulph School,www.landulphschool.co.uk/,Saltash,PL12 6ND,South West,no
145755,908,Cornwall,Lanivet Community Primary School,www.lanivet.cornwall.sch.uk,Bodmin,PL30 5HE,South West,no
142954,908,Cornwall,Lanlivery Primary Academy,www.lanliveryprimary.co.uk,Bodmin,PL30 5BT,South West,no
145078,908,Cornwall,Lanner Primary School,https://lanner.croftymat.org/,Redruth,TR16 6AZ,South West,no
139155,908,Cornwall,Launceston College,http://www.launceston-college.cornwall.sch.uk,Launceston,PL15 9JR,South West,no
148580,908,Cornwall,Launceston Primary School,https://www.launcestonprimary.uk,Launceston,PL15 9FW,South West,no
143874,908,Cornwall,Leedstown Community Primary School,www.leedstown.kernowlearning.co.uk,Hayle,TR27 6AA,South West,no
139089,908,Cornwall,Lerryn CofE Primary School,https://www.lerryn-cornwall.co.uk,Lostwithiel,PL22 0QA,South West,no
140582,908,Cornwall,Lewannick Community Primary School,www.lewannick.cornwall.sch.uk,Launceston,PL15 7QY,South West,no
140838,908,Cornwall,Liskeard Hillfort Primary School,www.hillfort.org.uk,Liskeard,PL14 6HZ,South West,no
144291,908,Cornwall,Liskeard School and Community College,https://www.liskeard.net,Liskeard,PL14 3EA,South West,no
137839,908,Cornwall,Looe Community Academy,http://www.looe.cornwall.sch.uk,Looe,PL13 1NQ,South West,no
140020,908,Cornwall,Looe Primary Academy,www.looeprimary.co.uk,Looe,PL13 1JY,South West,no
142241,908,Cornwall,Lostwithiel School,www.lostwithiel.cornwall.sch.uk,Lostwithiel,PL22 0AJ,South West,no
137466,908,Cornwall,Ludgvan School,www.ludgvan.cornwall.sch.uk/,Penzance,TR20 8EX,South West,no
142712,908,Cornwall,Luxulyan School,www.luxulyan.eschools.co.uk/,Bodmin,PL30 5EE,South West,no
143170,908,Cornwall,Mabe Community Primary School,www.mabe.kernowlearning.co.uk,Mabe Burnthouse,TR10 9HB,South West,no
140635,908,Cornwall,Manaccan Primary School,https://www.manaccan.org/web,Helston,TR12 6HR,South West,no
111792,908,Cornwall,Marazion School,www.marazion.cornwall.sch.uk/,Marazion,TR17 0DG,South West,no
144063,908,Cornwall,Marhamchurch CofE Academy,marhamchurch-lap.co.uk,Bude,EX23 0HY,South West,no
140897,908,Cornwall,Mawgan-In-Pydar Primary School,www.mawgan-in-pydar.org.uk/,Newquay,TR8 4EP,South West,no
140334,908,Cornwall,Millbrook CofE Primary School,www.millbrook.cornwall.sch.uk,Torpoint,PL10 1BG,South West,no
142304,908,Cornwall,Mithian School,www.mithian.cornwall.sch.uk,St Agnes,TR5 0XW,South West,no
142850,908,Cornwall,Mount Charles School,www.mount-charlessch.org,St Austell,PL25 4PP,South West,no
136597,908,Cornwall,Mount Hawke Academy,www.mounthawke.org,Truro,TR4 8BA,South West,no
136873,908,Cornwall,Mounts Bay Academy,www.mountsbay.org,Penzance,TR18 3JT,South West,no
143442,908,Cornwall,Mousehole School,www.mousehole.cornwall.sch.uk/,Penzance,TR19 6QQ,South West,no
143992,908,Cornwall,Mullion Primary School,www.mullion.eschools.co.uk/,Helston,TR12 7DF,South West,no
143993,908,Cornwall,Mullion School,http://www.mullionschool.org.uk,Helston,TR12 7EB,South West,no
111818,908,Cornwall,Mylor Bridge Community Primary School,www.mylor-bridge.eschools.co.uk,Falmouth,TR11 5SE,South West,no
143167,908,Cornwall,Nancealverne School,http://www.nancealverne.org.uk,Penzance,TR20 8TP,South West,no
143016,908,Cornwall,Nancledra School,www.nancledra.cornwall.sch.uk/,Penzance,TR20 8NB,South West,no
149540,908,Cornwall,Nanpean Community Primary School,www.nanpean.cornwall.sch.uk,St Austell,PL26 7YH,South West,no
147079,908,Cornwall,Nansledan School,http://www.nansledanschool.org/,Newquay,TR8 4FX,South West,no
137616,908,Cornwall,Nansloe Academy,www.nansloe.org.uk,Helston,TR13 8JF,South West,no
111914,908,Cornwall,Nanstallon Community Primary School,www.nanstallonschool.co.uk,Bodmin,PL30 5JZ,South West,no
142243,908,Cornwall,Newlyn School,www.newlyn.cornwall.sch.uk,Penzance,TR18 5QA,South West,no
136384,908,Cornwall,Newquay Junior Academy,http://www.newquayjunior.com,Newquay,TR7 2NL,South West,no
148581,908,Cornwall,Newquay Primary Academy,https://newquayprimary.net/,Newquay,TR7 2SL,South West,no
136533,908,Cornwall,Newquay Tretherras,http://www.tretherras.net,Newquay,TR7 3BH,South West,no
139758,908,Cornwall,Nine Maidens Alternative Provision Academy,,Redruth,TR16 6ND,South West,no
139759,908,Cornwall,North Cornwall Alternative Provision Academy,www.wavemat.org,Bodmin,PL31 1LZ,South West,no
142551,908,Cornwall,North Petherwin School,www.northpetherwinandwerringtonschools.co.uk/,Launceston,PL15 8NE,South West,no
146391,908,Cornwall,Otterham Community Primary School,www.otterhamschool.co.uk,Camelford,PL32 9YW,South West,no
137183,908,Cornwall,Padstow School,www.padstowschool.org,Padstow,PL28 8EX,South West,no
143994,908,Cornwall,Parc Eglos School,https://parc-eglos.croftymat.org/,Helston,TR13 8UP,South West,no
142955,908,Cornwall,Pelynt Primary Academy,www.pelyntprimary.co.uk,,PL13 2LG,South West,no
136567,908,Cornwall,Penair School,http://www.penair.cornwall.sch.uk,Truro,TR1 1TN,South West,no
137478,908,Cornwall,Pencalenick School,www.pencalenick.org,Truro,TR1 1TE,South West,no
143445,908,Cornwall,Pencoys Primary School,https://pencoys.croftymat.org/,Redruth,TR16 6RB,South West,no
140670,908,Cornwall,Pendeen School,http://www.pendeenschool.co.uk,Penzance,TR19 7SE,South West,no
144060,908,Cornwall,Pennoweth Primary School,https://pennoweth.croftymat.org/,Redruth,TR15 1NA,South West,no
111849,908,Cornwall,Penpol School,www.penpolschool.co.uk,Hayle,TR27 4AH,South West,no
140741,908,Cornwall,Penponds School,www.penponds.cornwall.sch.uk/,Camborne,TR14 0QN,South West,no
136573,908,Cornwall,Penrice Academy,www.penriceacademy.org,St Austell,PL25 3NR,South West,no
136852,908,Cornwall,Penryn College,http://www.penryn-college.cornwall.sch.uk/,Penryn,TR10 8PZ,South West,no
139073,908,Cornwall,Penryn Primary Academy,www.penrynprimary.org/,Penryn,TR10 8RA,South West,no
142238,908,Cornwall,Pensans Community Primary School,www.pensansprimary.co.uk,Penzance,TR20 8UH,South West,no
111963,908,Cornwall,Pensilva Primary School,www.pensilva.cornwall.sch.uk,Liskeard,PL14 5PG,South West,no
139760,908,Cornwall,Penwith Alternative Provision Academy,www.waveedu.org,Penzance,TR18 3NX,South West,no
111863,908,Cornwall,Perran-Ar-Worthal Community Primary School,www.perran-ar-worthal.eschools.co.uk/,Truro,TR3 7LA,South West,no
142553,908,Cornwall,Perranporth Community Primary School,www.perranporth.cornwall.sch.uk/,Perranporth,TR6 0EU,South West,no
142953,908,Cornwall,Polperro Primary Academy,www.polperroprimary.co.uk,Looe,PL13 2JJ,South West,no
142959,908,Cornwall,Polruan Primary Academy,www.polruanprimary.co.uk,Polruan,PL23 1PS,South West,no
147442,908,Cornwall,Poltair School,www.poltairschool.co.uk,St Austell,PL25 4BZ,South West,no
148106,908,Cornwall,Pondhu Primary School,pondhu.eschools.co.uk,St. Austell,PL25 5DS,South West,no
136614,908,Cornwall,Pool Academy,http://poolacademy.co.uk/,Redruth,TR15 3PZ,South West,no
149681,908,Cornwall,Port Isaac Academy,https://portisaacacademy.eschools.co.uk/web,Port Isaac,PL29 3RT,South West,no
143996,908,Cornwall,Porthleven School,http://www.porthleven.cornwall.sch.uk/website,Helston,TR13 9BX,South West,no
143441,908,Cornwall,Portreath Community Primary School,www.portreath.croftymat.org,Redruth,TR16 4LU,South West,no
143171,908,Cornwall,Probus Primary School,http://www.probusschool.org.uk,Truro,TR2 4LE,South West,no
140477,908,Cornwall,Quethiock CofE School,www.quethiock.cornwall.sch.uk/,Liskeard,PL14 3SQ,South West,no
112054,908,Cornwall,Redruth School,http://www.redruth.cornwall.sch.uk,Redruth,TR15 1TA,South West,no
139761,908,Cornwall,Restormel Academy,www.waveedu.org,St Austell,PL25 4TJ,South West,no
142952,908,Cornwall,Roche Community Primary School,https://rochecpschool.eschools.co.uk/web,St Austell,PL26 8EP,South West,no
143444,908,Cornwall,Rosemellin Community Primary School,https://rosemellin.croftymat.org/,Camborne,TR14 8PG,South West,no
143446,908,Cornwall,Roskear Primary & Nursery School,https://roskear.croftymat.org/,Camborne,TR14 8DJ,South West,no
136575,908,Cornwall,Saltash Community School,http://saltash.net/,Saltash,PL12 4AY,South West,no
136318,908,Cornwall,Sandy Hill Academy,www.sandyhill.org.uk/,St Austell,PL25 3AT,South West,no
144894,908,Cornwall,Sennen Community Primary Academy,http://www.sennen.cornwall.sch.uk,Penzance,TR19 7AW,South West,no
142303,908,Cornwall,Shortlanesend School,,Truro,TR4 9DA,South West,no
146408,908,Cornwall,Sir James Smith's School,http://www.sirjamessmiths.cornwall.sch.uk,Camelford,PL32 9UJ,South West,no
137257,908,Cornwall,Sir Robert Geffery's Voluntary Aided Church of England Primary School,www.sir-robert-gefferys.cornwall.sch.uk/,Saltash,PL12 5EA,South West,no
143998,908,Cornwall,Sithney Community Primary School,https://sithney.croftymat.org/,Helston,TR13 0AE,South West,no
149135,908,Cornwall,Sky Primary and Eden Project Nursery,https://www.sky.kernowlearning.co.uk/,Par,PL24 2SX,South West,no
111947,908,Cornwall,South Petherwin Community Primary School,www.south-petherwin.net,Launceston,PL15 7LE,South West,no
142242,908,Cornwall,St Agnes Academy,www.stagnes.kernowlearning.co.uk,St Agnes,TR5 0LZ,South West,no
137142,908,Cornwall,St Breock Primary School,www.stbreock.org.uk,Wadebridge,PL27 7XL,South West,no
146395,908,Cornwall,St Breward Community Primary School,stbrewardschool.co.uk,Bodmin,PL30 4LX,South West,no
136269,908,Cornwall,St Buryan Primary School,www.stburyanacademy.com/,Penzance,TR19 6BB,South West,no
142804,908,Cornwall,St Catherine's CofE Primary School,www.stcatherinescofe.co.uk,Launceston,PL15 7HX,South West,no
145518,908,Cornwall,St Cleer Primary Academy,http://www.stcleerprimary.co.uk,Liskeard,PL14 5EA,South West,no
136862,908,Cornwall,St Columb Major Academy,http://scmajor.kernowlearning.co.uk,St Columb,TR9 6RW,South West,no
136869,908,Cornwall,St Columb Minor Academy,www.scminor.kernowlearning.co.uk,Newquay,TR7 3JF,South West,no
111840,908,Cornwall,St Day and Carharrack Community School,www.st-day.cornwall.sch.uk/,Redruth,TR16 5LG,South West,no
141198,908,Cornwall,St Dennis Primary Academy,www.stdennis.academy,St Austell,PL26 8AY,South West,no
148695,908,Cornwall,St Dominic CofE Primary School,www.st-dominic.cornwall.sch.uk,,PL12 6SU,South West,no
111871,908,Cornwall,St Erme with Trispen Community Primary School,www.st-erme.cornwall.sch.uk,Truro,TR4 9BJ,South West,no
142957,908,Cornwall,St Erth Community Primary School,http://www.st-erth.cornwall.sch.uk,Hayle,TR27 6HN,South West,no
144059,908,Cornwall,St Francis CofE Primary School,www.stfrancis.kernowlearning.co.uk,Falmouth,TR11 4SU,South West,no
151213,908,Cornwall,St Germans Primary School,www.st-germans.cornwall.sch.uk,Saltash,PL12 5NJ,South West,no
136879,908,Cornwall,St Hilary School,www.st-hilary.eschools.co.uk,Penzance,TR20 9DR,South West,no
146051,908,Cornwall,St Issey Church of England Primary School,www.st-issey.cornwall.sch.uk/,Wadebridge,PL27 7RN,South West,no
137468,908,Cornwall,St Ives Infant School,www.st-ives-inf.cornwall.sch.uk/,St Ives,TR26 1DH,South West,no
111800,908,Cornwall,St Ives Junior School,www.stivesjunior.org.uk/,St Ives,TR26 1DN,South West,no
140675,908,Cornwall,St Ives School,http://www.stivesschool.net,St Ives,TR26 2BB,South West,no
140763,908,Cornwall,"St John's Catholic Primary School, Camborne",www.st-johns.cornwall.sch.uk/,Camborne,TR14 7AE,South West,no
142444,908,Cornwall,St Just Primary School,www.stjustprimary.org.uk,Penzance,TR19 7JU,South West,no
140642,908,Cornwall,St Keverne Primary School,https://www.stkeverne.org.uk/,Helston,TR12 6NQ,South West,no
144522,908,Cornwall,St Kew Academy,www.stkew.kernowlearning.co.uk,Bodmin,PL30 3ER,South West,no
111803,908,Cornwall,St Levan Primary School,www.st-levan-primary-school.org.uk/,Penzance,TR19 6HD,South West,no
139090,908,Cornwall,St Mabyn CofE School,www.stmabyn-cornwall.co.uk,Bodmin,PL30 3BQ,South West,no
149497,908,Cornwall,St Mark's CofE Academy,www.stmarks-lap.co.uk,Bude,EX23 9PE,South West,no
140347,908,Cornwall,St Martin's CofE Primary School,www.st-martins.cornwall.sch.uk/,Liskeard,PL14 3DE,South West,no
140773,908,Cornwall,"St Mary's Catholic Primary School, Bodmin",www.st-marys-bod.cornwall.sch.uk,Bodmin,PL31 1LW,South West,no
140775,908,Cornwall,"St Mary's Catholic Primary School, Falmouth",www.st-marys-fal.cornwall.sch.uk/,Falmouth,TR11 4PW,South West,no
140778,908,Cornwall,"St Mary's Catholic School, Penzance",www.st-marys-catholic.eschools.co.uk,Penzance,TR18 2AT,South West,no
111990,908,Cornwall,"St Mary's CofE School, Truro",www.st-marys-truro.cornwall.sch.uk/,Truro,TR1 3RJ,South West,no
143778,908,Cornwall,St Mawes Primary School,http://www.stmawes.org.uk,Truro,TR2 5BP,South West,no
148696,908,Cornwall,St Mellion Church of England Primary School,http://www.st-mellion.cornwall.sch.uk,Saltash,PL12 6RG,South West,no
140782,908,Cornwall,St Meriadoc CofE Infant Academy,www.st-meriadoc-inf.cornwall.sch.uk,Camborne,TR14 7DW,South West,no
140781,908,Cornwall,St Meriadoc CofE Junior Academy,www.st-meriadoc-jnr.cornwall.sch.uk,Camborne,TR14 7PN,South West,no
137623,908,Cornwall,St Merryn School,www.stmerryn.kernowlearning.co.uk,Padstow,PL28 8NP,South West,no
137402,908,Cornwall,St Mewan Community Primary School,www.st-mewan.cornwall.sch.uk/,St Austell,PL26 7DP,South West,no
140027,908,Cornwall,St Michael's Church of England Primary School,www.st-michaels.cornwall.sch.uk/,Helston,TR13 8AR,South West,no
141283,908,Cornwall,St Minver School,http://www.stminver.org,Wadebridge,PL27 6QD,South West,no
111964,908,Cornwall,St Neot Community Primary School,www.st-neot.cornwall.sch.uk,Liskeard,PL14 6NL,South West,no
139955,908,Cornwall,St Newlyn East Learning Academy,www.stnewlyneast.kernowlearning.co.uk,Newquay,TR8 5ND,South West,no
140342,908,Cornwall,"St Nicolas' CofE VA School, Downderry",www.st-nicolas.cornwall.sch.uk/,Torpoint,PL11 3LF,South West,no
139091,908,Cornwall,St Petroc's Church of England Voluntary Aided Primary School,https://www.stpetrocs-cornwall.co.uk/,Bodmin,PL31 1DS,South West,no
142389,908,Cornwall,St Stephen Churchtown Academy,www.ststephenchurchtown.org.uk,St Austell,PL26 7NZ,South West,no
111966,908,Cornwall,St Stephens (Saltash) Community Primary School & Nursery,http://www.st-stephens-salt.cornwall.sch.uk,Saltash,PL12 4AQ,South West,no
140513,908,Cornwall,St Stephens Community Academy,http://www.ststephenscornwall.co.uk,Launceston,PL15 8HL,South West,no
146389,908,Cornwall,St Teath Community Primary School,www.stteathschool.com,Bodmin,PL30 3JX,South West,no
139092,908,Cornwall,St Tudy CofE Primary School,http://www.st-tudy.co.uk,Bodmin,PL30 3NH,South West,no
143099,908,Cornwall,St Uny CofE Academy,www.stuny.org.uk,St Ives,TR26 2SQ,South West,no
111901,908,Cornwall,St Wenn School,http://www.stwenn.org,Bodmin,PL30 5PS,South West,no
139093,908,Cornwall,St Winnow CofE School,www.stwinnow-cornwall.co.uk,,PL22 0RA,South West,no
111851,908,Cornwall,Stithians Community Primary School,www.stithians.cornwall.sch.uk,Truro,TR3 7DH,South West,no
111967,908,Cornwall,Stoke Climsland School,www.stoke-climsland.cornwall.sch.uk/,CALLINGTON,PL17 8ND,South West,no
140318,908,Cornwall,Summercourt Academy,www.summercourtacademy.org,Newquay,TR8 5EA,South West,no
143172,908,Cornwall,The Bishops CofE Learning Academy,www.thebishops.kernowlearning.co.uk,Newquay,TR7 2SR,South West,no
136572,908,Cornwall,The Roseland Academy,www.theroseland.co.uk,Truro,TR2 5SE,South West,no
142807,908,Cornwall,Threemilestone School,,Truro,TR3 6DH,South West,no
141528,908,Cornwall,Tintagel Primary School,www.tintagelschool.org,Tintagel,PL34 0DU,South West,no
111968,908,Cornwall,Torpoint Nursery and Infant School,www.torpoint-inf.cornwall.sch.uk,Torpoint,PL11 2LU,South West,no
144003,908,Cornwall,Trannack Primary School,https://trannack.croftymat.org/,Helston,TR13 0DQ,South West,no
111948,908,Cornwall,Tregadillett Primary School,www.tregadillett.net,Launceston,PL15 7EU,South West,no
138671,908,Cornwall,Tregolls Academy,www.tregolls.org.uk,Truro,TR1 1LH,South West,no
142668,908,Cornwall,Tregony Community Primary School,www.tregony.eschools.co.uk/,Truro,TR2 5RP,South West,no
111933,908,Cornwall,Trekenner Community Primary School,www.trekenner.eschools.co.uk,Launceston,PL15 9PH,South West,no
111841,908,Cornwall,Treleigh Community Primary School,http://www.treleigh.cornwall.sch.uk,Redruth,TR16 4AY,South West,no
143443,908,Cornwall,Treloweth Community Primary School,https://treloweth.croftymat.org/,Redruth,TR15 3JL,South West,no
136312,908,Cornwall,Trenance Learning Academy,www.trenance.kernowlearning.co.uk,Newquay,TR7 2LU,South West,no
145561,908,Cornwall,Trenode CofE VA Primary Academy,www.trenodeprimary.co.uk,Looe,PL13 1QA,South West,no
137076,908,Cornwall,Treverbyn Academy,www.treverbyn.org.uk,St Austell,PL26 8TL,South West,no
145843,908,Cornwall,Treviglas Academy,www.treviglas.net,Newquay,TR7 3JA,South West,no
143169,908,Cornwall,Trevisker Primary School,www.trevisker.kernowlearning.co.uk,Wadebridge,PL27 7UD,South West,no
136598,908,Cornwall,Trevithick Learning Academy,www.trevithick.cornwall.sch.uk/,Camborne,TR14 7RH,South West,no
144292,908,Cornwall,Trewidland Primary School,www.trewidlandprimaryandpreschool.co.uk/,Liskeard,PL14 4SJ,South West,no
136881,908,Cornwall,Trewirgie Infants' School,www.trewirgie-inf.cornwall.sch.uk/,Redruth,TR15 2SZ,South West,no
136831,908,Cornwall,Trewirgie Junior School,http://www.trewirgie-jnr.cornwall.sch.uk,Redruth,TR15 2QN,South West,no
140790,908,Cornwall,Troon Community Primary School,www.troon.cornwall.sch.uk,Camborne,TR14 9ED,South West,no
139960,908,Cornwall,Truro Learning Academy,www.truroacademy.org.uk/,Truro,TR1 3PQ,South West,no
111791,908,Cornwall,Trythall Community Primary School,,Penzance,TR20 8XR,South West,no
141616,908,Cornwall,Tywardreath School,www.tywardreathschool.org.uk,Par,PL24 2PT,South West,no
144523,908,Cornwall,Upton Cross Academy,www.uptoncross.kernowlearning.co.uk,Liskeard,PL14 5AX,South West,no
140469,908,Cornwall,Veryan CofE School,www.veryanschool.co.uk,Truro,TR2 5QA,South West,no
137366,908,Cornwall,Wadebridge Primary Academy,www.wadebridgeprimary.co.uk,Wadebridge,PL27 6BL,South West,no
138024,908,Cornwall,Wadebridge School,http://www.wadebridge.cornwall.sch.uk/,Wadebridge,PL27 6BU,South West,no
144062,908,Cornwall,Warbstow Primary Academy,www.warbstow.org.uk,Launceston,PL15 8UP,South West,no
143447,908,Cornwall,Weeth Community Primary School,https://weeth.croftymat.org/,CAMBORNE,TR14 7GA,South West,no
149397,908,Cornwall,Wendron Church of England Primary School,,Helston,TR13 0PX,South West,no
142564,908,Cornwall,Werrington Community Primary School,,Launceston,PL15 8TN,South West,no
138963,908,Cornwall,Whitemoor Academy,www.whitemoor.org.uk/,St. Austell,PL26 7XH,South West,no
111941,908,Cornwall,Whitstone Primary School,http://www.whitstone.cornwall.sch.uk/,Holsworthy,EX22 6TH,South West,no
140514,908,Cornwall,Windmill Hill Academy,http://www.windmillhillacademy.org,Launceston,PL15 9AE,South West,no
112034,908,Cornwall,Bishop Cornish CofE VA Primary School,www.bishop-cornish.cornwall.sch.uk/,Saltash,PL12 4PA,South West,yes
112045,908,Cornwall,Budehaven Community School,http://www.budehaven.cornwall.sch.uk,Bude,EX23 8DQ,South West,yes
111972,908,Cornwall,Burraton Community Primary School,http://www.burraton.cornwall.sch.uk,Saltash,PL12 4LT,South West,yes
111969,908,Cornwall,Carbeile Junior School,www.carbeile.cornwall.sch.uk,Torpoint,PL11 2NH,South West,yes
141710,908,Cornwall,Carclaze Community Primary School,www.carclazesch.org,St Austell,PL25 3TF,South West,yes
111988,908,Cornwall,Flushing School,http://www.flushingcofeschool.co.uk,Falmouth,TR11 5TX,South West,yes
111996,908,Cornwall,Madron Daniel CofE (VA) School,http://www.st-madderns.cornwall.sch.uk/website,Penzance,TR20 8SP,South West,yes
111978,908,Cornwall,Marlborough School,http://www.marlborough.cornwall.sch.uk,Falmouth,TR11 4HU,South West,yes
112002,908,Cornwall,Mawnan CofE VA Primary School,http://www.mawnanschool.com,Falmouth,TR11 5HQ,South West,yes
111975,908,Cornwall,Menheniot Primary School,http://www.menheniot.cornwall.sch.uk,Liskeard,PL14 3QY,South West,yes
141709,908,Cornwall,Mevagissey Community Primary School,www.mevagisseyschool.co.uk/,St Austell,PL26 6TD,South West,yes
112055,908,Cornwall,Richard Lander School,http://www.richardlander.co.uk/,Truro,TR3 6LT,South West,yes
111998,908,Cornwall,"St Mary's CofE Primary School, Penzance",http://www.st-marys-ce-pz.cornwall.sch.uk,Penzance,TR18 4HP,South West,yes
111983,908,Cornwall,Stratton Primary School,http://www.stratton.cornwall.sch.uk,Bude,EX23 9AP,South West,yes
112041,908,Cornwall,Torpoint Community College,http://www.torpoint.cornwall.sch.uk,Torpoint,PL11 2NH,South West,yes
111790,908,Cornwall,Truro Nursery School,https://www.truronurseryschool.org.uk/,Truro,TR1 3RJ,South West,yes
